year,company,cik,form_type,date_filed,url,document_url
2019,3M CO,66740,10-K,07/02/2019,,https://www.sec.gov/Archives/edgar/data/66740/000155837019000470/mmm-20181231x10k.htm
2019,ABBOTT LABORATORIES,1800,10-K,22/02/2019,,https://www.sec.gov/Archives/edgar/data/1800/000104746919000624/a2237733z10-k.htm
2019,ADOBE INC.,796343,10-K,25/01/2019,,https://www.sec.gov/Archives/edgar/data/796343/000079634319000019/adbe10kfy18.htm
2019,ADVANCE AUTO PARTS INC,1158449,10-K,19/02/2019,,https://www.sec.gov/Archives/edgar/data/1158449/000115844919000043/aap_10kx12292018secreport.htm
2019,ADVANCED MICRO DEVICES INC,2488,10-K,08/02/2019,,https://www.sec.gov/Archives/edgar/data/2488/000000248819000011/amd-12292018x10k.htm
2019,AES CORP,874761,10-K,27/02/2019,,https://www.sec.gov/Archives/edgar/data/874761/000087476119000012/a2018form10-k.htm
2019,"AFFILIATED MANAGERS GROUP, INC.",1004434,10-K,22/02/2019,,https://www.sec.gov/Archives/edgar/data/1004434/000100443419000008/amg_10-kx12312018.htm
2019,AKAMAI TECHNOLOGIES INC,1086222,10-K,28/02/2019,,https://www.sec.gov/Archives/edgar/data/1086222/000108622219000066/akam10k123118.htm
2019,"ALASKA AIR GROUP, INC.",766421,10-K,15/02/2019,,https://www.sec.gov/Archives/edgar/data/766421/000076642119000008/alk10-k123118.htm
2019,ALBEMARLE CORP,915913,10-K,27/02/2019,,https://www.sec.gov/Archives/edgar/data/915913/000091591319000021/a1231201810-kdocument.htm
2019,ALEXANDRIA REAL ESTATE EQUITIES INC,1035443,10-K,05/02/2019,,https://www.sec.gov/Archives/edgar/data/1035443/000103544319000041/a4q1810k.htm
2019,"ALEXION PHARMACEUTICALS, INC.",899866,10-K,06/02/2019,,https://www.sec.gov/Archives/edgar/data/899866/000089986619000010/alxn10k12312018.htm
2019,ALIGN TECHNOLOGY INC,1097149,10-K,28/02/2019,,https://www.sec.gov/Archives/edgar/data/1097149/000109714919000009/algn-20181231x10k.htm
2019,ALLIANCE DATA SYSTEMS CORP,1101215,10-K,26/02/2019,,https://www.sec.gov/Archives/edgar/data/1101215/000110121519000048/ads-20181231x10k.htm
2019,ALLIANT ENERGY CORP,352541,10-K,22/02/2019,,https://www.sec.gov/Archives/edgar/data/352541/000035254119000013/lnt1231201810-k.htm
2019,"ALTRIA GROUP, INC.",764180,10-K,26/02/2019,,https://www.sec.gov/Archives/edgar/data/764180/000076418019000023/a2018form10-kq4.htm
2019,AMAZON COM INC,1018724,10-K,01/02/2019,,https://www.sec.gov/Archives/edgar/data/1018724/000101872419000004/amzn-20181231x10k.htm
2019,AMEREN CORP,1002910,10-K,26/02/2019,,https://www.sec.gov/Archives/edgar/data/1002910/000100291019000094/aee201810-k.htm
2019,AMERICAN ELECTRIC POWER CO INC,4904,10-K,21/02/2019,,https://www.sec.gov/Archives/edgar/data/4904/000000490419000009/aep10klegal20184q.htm
2019,AMERICAN TOWER CORP /MA/,1053507,10-K,27/02/2019,,https://www.sec.gov/Archives/edgar/data/1053507/000105350719000012/amt1231201810k.htm
2019,AMETEK INC/,1037868,10-K,21/02/2019,,https://www.sec.gov/Archives/edgar/data/1037868/000119312519046947/d640432d10k.htm
2019,AMGEN INC,318154,10-K,13/02/2019,,https://www.sec.gov/Archives/edgar/data/318154/000031815419000008/amgn-12312018x10kq42018.htm
2019,AMPHENOL CORP /DE/,820313,10-K,13/02/2019,,https://www.sec.gov/Archives/edgar/data/820313/000155837019000636/aph-20181231x10k.htm
2019,ANADARKO PETROLEUM CORP,773910,10-K,14/02/2019,,https://www.sec.gov/Archives/edgar/data/773910/000077391019000009/apc201810k-10k.htm
2019,ANSYS INC,1013462,10-K,28/02/2019,,https://www.sec.gov/Archives/edgar/data/1013462/000101346219000003/anss2018123110k.htm
2019,APARTMENT INVESTMENT & MANAGEMENT CO,922864,10-K,20/02/2019,,https://www.sec.gov/Archives/edgar/data/922864/000092286419000007/a201810-k.htm
2019,ARCHER DANIELS MIDLAND CO,7084,10-K,19/02/2019,,https://www.sec.gov/Archives/edgar/data/7084/000000708419000012/adm-20181231x10k.htm
2019,AT&T INC.,732717,10-K,20/02/2019,,https://www.sec.gov/Archives/edgar/data/732717/000119312519045608/d705958d10k.htm
2019,AUTODESK INC,769397,10-K,25/03/2019,,https://www.sec.gov/Archives/edgar/data/769397/000076939719000016/adsk-0131201910xk.htm
2019,AVALONBAY COMMUNITIES INC,915912,10-K,22/02/2019,,https://www.sec.gov/Archives/edgar/data/915912/000091591219000004/a201810-k.htm
2019,AbbVie Inc.,1551152,10-K,27/02/2019,,https://www.sec.gov/Archives/edgar/data/1551152/000155115219000008/abbv-20181231x10k.htm
2019,"Activision Blizzard, Inc.",718877,10-K,28/02/2019,,https://www.sec.gov/Archives/edgar/data/718877/000104746919000788/a2237840z10-k.htm
2019,Allegion plc,1579241,10-K,19/02/2019,,https://www.sec.gov/Archives/edgar/data/1579241/000157924119000006/alle10k12312018doc.htm
2019,Alphabet Inc.,1652044,10-K,05/02/2019,,https://www.sec.gov/Archives/edgar/data/1652044/000119312519028757/d705307d10ka.htm
2019,American Airlines Group Inc.,6201,10-K,25/02/2019,,https://www.sec.gov/Archives/edgar/data/6201/000000620119000009/a10k123118.htm
2019,"American Water Works Company, Inc.",1410636,10-K,19/02/2019,,https://www.sec.gov/Archives/edgar/data/1410636/000141063619000041/a12312018-awkx10kdocument.htm
2019,"Anthem, Inc.",1156039,10-K,20/02/2019,,https://www.sec.gov/Archives/edgar/data/1156039/000115603919000004/antm-2018123110kq42018.htm
2019,Aptiv PLC,1521332,10-K,04/02/2019,,https://www.sec.gov/Archives/edgar/data/1521332/000152133219000007/aptv1231201810k.htm
2019,"Arista Networks, Inc.",1596532,10-K,15/02/2019,,https://www.sec.gov/Archives/edgar/data/1596532/000159653219000027/anet20181231-10k.htm
2019,Avery Dennison Corp,8818,10-K,27/02/2019,,https://www.sec.gov/Archives/edgar/data/8818/000104746919000747/a2237793z10-k.htm
2019,BALL Corp,9389,10-K,22/02/2019,,https://www.sec.gov/Archives/edgar/data/9389/000155837019000909/bll-20181231x10k.htm
2019,BAXTER INTERNATIONAL INC,10456,10-K,21/02/2019,,https://www.sec.gov/Archives/edgar/data/10456/000156459019003727/bax-10k_20181231.htm
2019,BEST BUY CO INC,764478,10-K,28/03/2019,,https://www.sec.gov/Archives/edgar/data/764478/000076447819000009/bby-2019x10k.htm
2019,BIOGEN INC.,875045,10-K,06/02/2019,,https://www.sec.gov/Archives/edgar/data/875045/000087504519000006/biib-20181231x10k.htm
2019,BOEING CO,12927,10-K,08/02/2019,,https://www.sec.gov/Archives/edgar/data/12927/000001292719000010/a201812dec3110k.htm
2019,BOSTON PROPERTIES INC,1037540,10-K,28/02/2019,,https://www.sec.gov/Archives/edgar/data/1037540/000165642319000006/bxpandbplp201810-k.htm
2019,BOSTON SCIENTIFIC CORP,885725,10-K,19/02/2019,,https://www.sec.gov/Archives/edgar/data/885725/000088572519000011/a2018form10-k.htm
2019,BRISTOL MYERS SQUIBB CO,14272,10-K,25/02/2019,,https://www.sec.gov/Archives/edgar/data/14272/000001427219000047/bmy-20181231x10xk.htm
2019,Baker Hughes a GE Co,1701605,10-K,19/02/2019,,https://www.sec.gov/Archives/edgar/data/1701605/000170160519000021/fiscalyear2018form10-k.htm
2019,Booking Holdings Inc.,1075531,10-K,27/02/2019,,https://www.sec.gov/Archives/edgar/data/1075531/000107553119000009/bkng1231201810k.htm
2019,C H ROBINSON WORLDWIDE INC,1043277,10-K,25/02/2019,,https://www.sec.gov/Archives/edgar/data/1043277/000104327719000006/chrw10-k2018.htm
2019,CABOT OIL & GAS CORP,858470,10-K,26/02/2019,,https://www.sec.gov/Archives/edgar/data/858470/000085847019000008/cog-12312018x10k.htm
2019,CADENCE DESIGN SYSTEMS INC,813672,10-K,27/02/2019,,https://www.sec.gov/Archives/edgar/data/813672/000081367219000008/cdns1229201810-k.htm
2019,CARNIVAL CORP,815097,10-K,28/01/2019,,https://www.sec.gov/Archives/edgar/data/815097/000081509719000004/a2018form10-kfrontpart.htm
2019,CATERPILLAR INC,18230,10-K,14/02/2019,,https://www.sec.gov/Archives/edgar/data/18230/000001823019000034/cat_10-kx12312018.htm
2019,"CBRE GROUP, INC.",1138118,10-K,01/03/2019,,https://www.sec.gov/Archives/edgar/data/1138118/000156459019005666/cbg-10k_20181231.htm
2019,CBS CORP,813828,10-K,15/02/2019,,https://www.sec.gov/Archives/edgar/data/813828/000081382819000006/cbs_10k-123118.htm
2019,CELGENE CORP /DE/,816284,10-K,26/02/2019,,https://www.sec.gov/Archives/edgar/data/816284/000081628419000014/a2018123110-k.htm
2019,CENTENE CORP,1071739,10-K,19/02/2019,,https://www.sec.gov/Archives/edgar/data/1071739/000107173919000032/form10-k.htm
2019,CENTERPOINT ENERGY INC,1130310,10-K,28/02/2019,,https://www.sec.gov/Archives/edgar/data/1130310/000113031019000016/cnp_10kx12312018.htm
2019,"CENTURYLINK, INC",18926,10-K,11/03/2019,,https://www.sec.gov/Archives/edgar/data/18926/000001892619000006/ctl2018123110k.htm
2019,"CENTURYLINK, INC NT",18926,10-K,04/03/2019,,https://www.sec.gov/Archives/edgar/data/18926/000001892619000006/ctl2018123110k.htm
2019,CERNER CORP /MO/,804753,10-K,08/02/2019,,https://www.sec.gov/Archives/edgar/data/804753/000080475319000009/a201810-k.htm
2019,"CF Industries Holdings, Inc.",1324404,10-K,22/02/2019,,https://www.sec.gov/Archives/edgar/data/1324404/000132440419000006/cf-12312018x10k.htm
2019,"CHARTER COMMUNICATIONS, INC. /MO/",1091667,10-K,31/01/2019,,https://www.sec.gov/Archives/edgar/data/1091667/000109166719000029/chtr12312018-10k.htm
2019,CHESAPEAKE ENERGY CORP,895126,10-K,27/02/2019,,https://www.sec.gov/Archives/edgar/data/895126/000089512619000070/chk-20181231_10k.htm
2019,CHEVRON CORP,93410,10-K,22/02/2019,,https://www.sec.gov/Archives/edgar/data/93410/000009341019000008/cvx12312018-10kdoc.htm
2019,CHIPOTLE MEXICAN GRILL INC,1058090,10-K,08/02/2019,,https://www.sec.gov/Archives/edgar/data/1058090/000105809019000007/cmg-20181231x10k.htm
2019,CHURCH & DWIGHT CO INC /DE/,313927,10-K,21/02/2019,,https://www.sec.gov/Archives/edgar/data/313927/000156459019003587/chd-10k_20181231.htm
2019,CIMAREX ENERGY CO,1168054,10-K,20/02/2019,,https://www.sec.gov/Archives/edgar/data/1168054/000116805419000006/a12311810kxec.htm
2019,CITRIX SYSTEMS INC,877890,10-K,15/02/2019,,https://www.sec.gov/Archives/edgar/data/877890/000087789019000035/ctxs12-31x201810xk.htm
2019,CMS ENERGY CORP,811156,10-K,05/02/2019,,https://www.sec.gov/Archives/edgar/data/811156/000081115619000003/consumersenergy10k12312018.htm
2019,COCA COLA CO,21344,10-K,21/02/2019,,https://www.sec.gov/Archives/edgar/data/21344/000002134419000014/a2018123110-k.htm
2019,COGNIZANT TECHNOLOGY SOLUTIONS CORP,1058290,10-K,19/02/2019,,https://www.sec.gov/Archives/edgar/data/1058290/000105829019000009/ctsh20181231-10k.htm
2019,COLGATE PALMOLIVE CO,21665,10-K,21/02/2019,,https://www.sec.gov/Archives/edgar/data/21665/000002166519000003/cl-12312018x10k.htm
2019,COMCAST CORP,1166691,10-K,31/01/2019,,https://www.sec.gov/Archives/edgar/data/1166691/000116669119000005/cmcsa-12312018x10k.htm
2019,CONCHO RESOURCES INC,1358071,10-K,20/02/2019,,https://www.sec.gov/Archives/edgar/data/1358071/000135807119000003/cxo201810K.htm
2019,CONOCOPHILLIPS,1163165,10-K,19/02/2019,,https://www.sec.gov/Archives/edgar/data/1163165/000119312519043841/d636257d10k.htm
2019,CONSOLIDATED EDISON INC,1047862,10-K,21/02/2019,,https://www.sec.gov/Archives/edgar/data/1047862/000104786219000035/ed-20181231x10k.htm
2019,CORNING INC /NY,24741,10-K,12/02/2019,,https://www.sec.gov/Archives/edgar/data/24741/000002474119000016/glw-20181231x10k.htm
2019,CROWN CASTLE INTERNATIONAL CORP,1051470,10-K,25/02/2019,,https://www.sec.gov/Archives/edgar/data/1051470/000105147019000046/cci10-k123118.htm
2019,CSX CORP,277948,10-K,06/02/2019,,https://www.sec.gov/Archives/edgar/data/277948/000027794819000011/csx-12312018x10k.htm
2019,CUMMINS INC,26172,10-K,11/02/2019,,https://www.sec.gov/Archives/edgar/data/26172/000002617219000009/cmi201810-kdocument.htm
2019,CVS HEALTH Corp,64803,10-K,28/02/2019,,https://www.sec.gov/Archives/edgar/data/64803/000006480319000013/cvs-2018231x10k.htm
2019,Celanese Corp,1306830,10-K,07/02/2019,,https://www.sec.gov/Archives/edgar/data/1306830/000130683019000014/ce-20181231x10k.htm
2019,Ceridian HCM Holding Inc.,1725057,10-K,28/02/2019,,https://www.sec.gov/Archives/edgar/data/1725057/000156459019005517/cday-10k_20181231.htm
2019,Cigna Corp,1739940,10-K,28/02/2019,,https://www.sec.gov/Archives/edgar/data/1739940/000104746919000792/a2237767z10-k.htm
2019,DANAHER CORP /DE/,313616,10-K,21/02/2019,,https://www.sec.gov/Archives/edgar/data/313616/000031361619000035/dhr-20181231x10xk.htm
2019,DAVITA INC.,927066,10-K,22/02/2019,,https://www.sec.gov/Archives/edgar/data/927066/000092706619000025/dva-123118x10k.htm
2019,DELTA AIR LINES INC /DE/,27904,10-K,15/02/2019,,https://www.sec.gov/Archives/edgar/data/27904/000002790419000003/dal1231201810k.htm
2019,DENTSPLY SIRONA Inc.,818479,10-K,08/03/2019,,https://www.sec.gov/Archives/edgar/data/818479/000081847919000010/xray-20181231.htm
2019,DENTSPLY SIRONA Inc. NT,818479,10-K,01/03/2019,,https://www.sec.gov/Archives/edgar/data/818479/000081847919000010/xray-20181231.htm
2019,"DESTINATION XL GROUP, INC.",813298,10-K,22/03/2019,,https://www.sec.gov/Archives/edgar/data/813298/000156459019009017/dxlg-10k_20190202.htm
2019,DEVON ENERGY CORP/DE,1090012,10-K,20/02/2019,,https://www.sec.gov/Archives/edgar/data/1090012/000156459019003382/dvn-10k_20181231.htm
2019,DOLLAR GENERAL CORP,29534,10-K,22/03/2019,,https://www.sec.gov/Archives/edgar/data/29534/000155837019002383/dg-20190201x10k.htm
2019,DOLLAR TREE INC,935703,10-K,27/03/2019,,https://www.sec.gov/Archives/edgar/data/935703/000093570319000024/dltr-2019x02x02x10k.htm
2019,DOMINION ENERGY INC /VA/,715957,10-K,28/02/2019,,https://www.sec.gov/Archives/edgar/data/715957/000119312519057924/d662998d10k.htm
2019,DOMINOS PIZZA INC,1286681,10-K,21/02/2019,,https://www.sec.gov/Archives/edgar/data/1286681/000119312519046191/d696297d10k.htm
2019,DOVER Corp,29905,10-K,15/02/2019,,https://www.sec.gov/Archives/edgar/data/29905/000002990519000019/wfx-20181231.htm
2019,DTE ENERGY CO,936340,10-K,07/02/2019,,https://www.sec.gov/Archives/edgar/data/936340/000093634019000086/dteenergy2018123110k.htm
2019,DUKE REALTY LIMITED PARTNERSHIP/,1003410,10-K,22/02/2019,,https://www.sec.gov/Archives/edgar/data/1003410/000078328019000010/a10k2018.htm
2019,"Diamondback Energy, Inc.",1539838,10-K,25/02/2019,,https://www.sec.gov/Archives/edgar/data/1539838/000153983819000008/diamondback201810-k.htm
2019,"Digital Realty Trust, Inc.",1297996,10-K,25/02/2019,,https://www.sec.gov/Archives/edgar/data/1297996/000129799619000032/dlrq412311810kss.htm
2019,"Discovery, Inc.",1437107,10-K,01/03/2019,,https://www.sec.gov/Archives/edgar/data/1437107/000143710719000013/disca-2018123110k.htm
2019,Duke Energy CORP,1326160,10-K,28/02/2019,,https://www.sec.gov/Archives/edgar/data/1326160/000132616019000057/duk-20181231x10k.htm
2019,EASTMAN CHEMICAL CO,915389,10-K,27/02/2019,,https://www.sec.gov/Archives/edgar/data/915389/000091538919000009/emn2018123110k.htm
2019,EBAY INC,1065088,10-K,30/01/2019,,https://www.sec.gov/Archives/edgar/data/1065088/000106508819000006/ebay201810-k.htm
2019,ECOLAB INC.,31462,10-K,01/03/2019,,https://www.sec.gov/Archives/edgar/data/31462/000155837019001379/ecl-20181231x10k.htm
2019,EDISON INTERNATIONAL,827052,10-K,28/02/2019,,https://www.sec.gov/Archives/edgar/data/827052/000082705219000034/eix-sceq4201810k.htm
2019,ENTERGY CORP /DE/,65984,10-K,26/02/2019,,https://www.sec.gov/Archives/edgar/data/65984/000006598419000082/etr-12312018x10k.htm
2019,EOG RESOURCES INC,821189,10-K,26/02/2019,,https://www.sec.gov/Archives/edgar/data/821189/000082118919000009/a2018123110-k.htm
2019,EQT Corp,33213,10-K,14/02/2019,,https://www.sec.gov/Archives/edgar/data/33213/000003321319000006/eqt1231201810k.htm
2019,EQUIFAX INC,33185,10-K,21/02/2019,,https://www.sec.gov/Archives/edgar/data/33185/000003318519000007/efx10k20181231.htm
2019,EQUINIX INC,1101239,10-K,22/02/2019,,https://www.sec.gov/Archives/edgar/data/1101239/000162828019001771/eqix_20181231x10kupgrade.htm
2019,EQUITY RESIDENTIAL,906107,10-K,21/02/2019,,https://www.sec.gov/Archives/edgar/data/906107/000156459019003683/eqr-10k_20181231.htm
2019,"ESSEX PROPERTY TRUST, INC.",920522,10-K,21/02/2019,,https://www.sec.gov/Archives/edgar/data/920522/000092052219000009/ess-123118x10k.htm
2019,EVERSOURCE ENERGY,72741,10-K,26/02/2019,,https://www.sec.gov/Archives/edgar/data/72741/000007274119000017/a201810kdocument.htm
2019,EXELON Corp,1109357,10-K,08/02/2019,,https://www.sec.gov/Archives/edgar/data/1109357/000162828019001107/exc-20181231x10k.htm
2019,EXPEDITORS INTERNATIONAL OF WASHINGTON INC,746515,10-K,22/02/2019,,https://www.sec.gov/Archives/edgar/data/746515/000074651519000004/a201810-k.htm
2019,EXXON MOBIL CORP,34088,10-K,27/02/2019,,https://www.sec.gov/Archives/edgar/data/34088/000003408819000010/xom10k2018.htm
2019,Eaton Corp plc,1551182,10-K,27/02/2019,,https://www.sec.gov/Archives/edgar/data/1551182/000155118219000045/etn12312018form10-k.htm
2019,Edwards Lifesciences Corp,1099800,10-K,15/02/2019,,https://www.sec.gov/Archives/edgar/data/1099800/000109980019000004/ew10-kq42018.htm
2019,"Evergy, Inc.",1711269,10-K,22/02/2019,,https://www.sec.gov/Archives/edgar/data/1711269/000171126919000013/evrg-12312018x10k.htm
2019,"Expedia Group, Inc.",1324424,10-K,08/02/2019,,https://www.sec.gov/Archives/edgar/data/1324424/000132442419000006/q42018-10k.htm
2019,Extra Space Storage Inc.,1289490,10-K,26/02/2019,,https://www.sec.gov/Archives/edgar/data/1289490/000162828019001968/q4201810kexrdocument.htm
2019,FASTENAL CO,815556,10-K,06/02/2019,,https://www.sec.gov/Archives/edgar/data/815556/000081555619000015/fast1231201810-k.htm
2019,FEDERAL REALTY INVESTMENT TRUST,34903,10-K,13/02/2019,,https://www.sec.gov/Archives/edgar/data/34903/000003490319000013/frt-1231201810k.htm
2019,FIRSTENERGY CORP,1031296,10-K,19/02/2019,,https://www.sec.gov/Archives/edgar/data/1031296/000103129619000010/fe-12312018x10k.htm
2019,FLEETCOR TECHNOLOGIES INC,1175454,10-K,01/03/2019,,https://www.sec.gov/Archives/edgar/data/1175454/000117545419000004/flt_10-kx12312018.htm
2019,FLOWSERVE CORP,30625,10-K,20/02/2019,,https://www.sec.gov/Archives/edgar/data/30625/000003062519000009/fls12312018financialstatem.htm
2019,FLUOR CORP,1124198,10-K,21/02/2019,,https://www.sec.gov/Archives/edgar/data/1124198/000162828019001658/flr12-31x201810k.htm
2019,FORD MOTOR CO,37996,10-K,21/02/2019,,https://www.sec.gov/Archives/edgar/data/37996/000003799619000012/f1231201810-k.htm
2019,FORTINET INC,1262039,10-K,27/02/2019,,https://www.sec.gov/Archives/edgar/data/1262039/000126203919000006/ftnt-201810xk.htm
2019,FREEPORT-MCMORAN INC,831259,10-K,15/02/2019,,https://www.sec.gov/Archives/edgar/data/831259/000083125919000009/a2018form10-k.htm
2019,Facebook Inc,1326801,10-K,31/01/2019,,https://www.sec.gov/Archives/edgar/data/1326801/000132680119000009/fb-12312018x10k.htm
2019,Fortive Corp,1659166,10-K,28/02/2019,,https://www.sec.gov/Archives/edgar/data/1659166/000165916619000085/a20181231-10k.htm
2019,"Fortune Brands Home & Security, Inc.",1519751,10-K,25/02/2019,,https://www.sec.gov/Archives/edgar/data/1519751/000119312519049951/d654795d10k.htm
2019,GAP INC,39911,10-K,19/03/2019,,https://www.sec.gov/Archives/edgar/data/39911/000003991119000023/fy201810-k.htm
2019,GARMIN LTD,1121788,10-K,20/02/2019,,https://www.sec.gov/Archives/edgar/data/1121788/000161577419002739/s116041_10k.htm
2019,GARTNER INC,749251,10-K,22/02/2019,,https://www.sec.gov/Archives/edgar/data/749251/000074925119000005/it-12312018x10k.htm
2019,GENERAC HOLDINGS INC.,1474735,10-K,26/02/2019,,https://www.sec.gov/Archives/edgar/data/1474735/000143774919003397/gnrc20181231_10k.htm
2019,GENERAL DYNAMICS CORP,40533,10-K,13/02/2019,,https://www.sec.gov/Archives/edgar/data/40533/000004053319000010/gd-2018123110k.htm
2019,GENERAL ELECTRIC CO,40545,10-K,26/02/2019,,https://www.sec.gov/Archives/edgar/data/40545/000004054519000014/ge10-k2018.htm
2019,GENUINE PARTS CO,40987,10-K,25/02/2019,,https://www.sec.gov/Archives/edgar/data/40987/000004098719000015/gpc-12312018x10k.htm
2019,GILEAD SCIENCES INC,882095,10-K,26/02/2019,,https://www.sec.gov/Archives/edgar/data/882095/000088209519000006/a2018form10-k.htm
2019,GOODYEAR TIRE & RUBBER CO /OH/,42582,10-K,08/02/2019,,https://www.sec.gov/Archives/edgar/data/42582/000095012319000989/gt-q4201810k.htm
2019,GRAINGER W W INC,277135,10-K,28/02/2019,,https://www.sec.gov/Archives/edgar/data/277135/000027713519000010/gww20181231-10k.htm
2019,General Motors Co,1467858,10-K,06/02/2019,,https://www.sec.gov/Archives/edgar/data/1467858/000146785819000033/gm201810k.htm
2019,HALF ROBERT INTERNATIONAL INC /DE/,315213,10-K,15/02/2019,,https://www.sec.gov/Archives/edgar/data/315213/000162828019001488/rhi10k123118.htm
2019,HALLIBURTON CO,45012,10-K,13/02/2019,,https://www.sec.gov/Archives/edgar/data/45012/000004501219000044/hal12312018-10k.htm
2019,HARLEY DAVIDSON INC,793952,10-K,28/02/2019,,https://www.sec.gov/Archives/edgar/data/793952/000079395219000008/hog12-31x201810xk.htm
2019,HASBRO INC,46080,10-K,26/02/2019,,https://www.sec.gov/Archives/edgar/data/46080/000119312519052025/d678728d10k.htm
2019,"HCA Healthcare, Inc.",860730,10-K,21/02/2019,,https://www.sec.gov/Archives/edgar/data/860730/000119312519047078/d676301d10k.htm
2019,"HCP, INC.",765880,10-K,14/02/2019,,https://www.sec.gov/Archives/edgar/data/765880/000162828019001407/hcp10-k12312018.htm
2019,HENRY SCHEIN INC,1000228,10-K,20/02/2019,,https://www.sec.gov/Archives/edgar/data/1000228/000100022819000015/the10k_2018.htm
2019,HERSHEY CO,47111,10-K,22/02/2019,,https://www.sec.gov/Archives/edgar/data/47111/000004711119000010/a2018form10-kq4.htm
2019,HESS CORP,4447,10-K,21/02/2019,,https://www.sec.gov/Archives/edgar/data/4447/000156459019003671/hes-10k_20181231.htm
2019,HOME DEPOT INC,354950,10-K,28/03/2019,,https://www.sec.gov/Archives/edgar/data/354950/000035495019000010/hd_10kx02032019.htm
2019,HONEYWELL INTERNATIONAL INC,773840,10-K,08/02/2019,,https://www.sec.gov/Archives/edgar/data/773840/000093041319000366/c92779_10k.htm
2019,"HOST HOTELS & RESORTS, INC.",1070750,10-K,26/02/2019,,https://www.sec.gov/Archives/edgar/data/1070750/000156459019004191/hst-10k_20181231.htm
2019,HUBBELL INC,48898,10-K,15/02/2019,,https://www.sec.gov/Archives/edgar/data/48898/000162828019001446/hubb-20181231x10k.htm
2019,HUMANA INC,49071,10-K,21/02/2019,,https://www.sec.gov/Archives/edgar/data/49071/000004907119000023/hum-20181231x10k.htm
2019,HUNT J B TRANSPORT SERVICES INC,728535,10-K,22/02/2019,,https://www.sec.gov/Archives/edgar/data/728535/000143774919003134/jbht20181231_10k.htm
2019,"HUNTINGTON INGALLS INDUSTRIES, INC.",1501585,10-K,14/02/2019,,https://www.sec.gov/Archives/edgar/data/1501585/000150158519000005/hii201810-k.htm
2019,Hanesbrands Inc.,1359841,10-K,11/02/2019,,https://www.sec.gov/Archives/edgar/data/1359841/000135984119000025/hbi-20181229x10k.htm
2019,Hilton Worldwide Holdings Inc.,1585689,10-K,13/02/2019,,https://www.sec.gov/Archives/edgar/data/1585689/000158568919000034/q42018hwh10-k.htm
2019,HollyFrontier Corp,48039,10-K,20/02/2019,,https://www.sec.gov/Archives/edgar/data/48039/000004803919000012/hfc12-31x201810k.htm
2019,IDEXX LABORATORIES INC /DE,874716,10-K,15/02/2019,,https://www.sec.gov/Archives/edgar/data/874716/000087471619000004/idxx201810k.htm
2019,IHS Markit Ltd.,1598014,10-K,18/01/2019,,https://www.sec.gov/Archives/edgar/data/1598014/000159801419000017/q41810k.htm
2019,ILLINOIS TOOL WORKS INC,49826,10-K,15/02/2019,,https://www.sec.gov/Archives/edgar/data/49826/000004982619000021/itw-20181231x10k.htm
2019,ILLUMINA INC,1110803,10-K,12/02/2019,,https://www.sec.gov/Archives/edgar/data/1110803/000111080319000013/fy2018form10-k.htm
2019,INCYTE CORP,879169,10-K,14/02/2019,,https://www.sec.gov/Archives/edgar/data/879169/000155837019000682/incy-20181231x10k.htm
2019,INSULET CORP,1145197,10-K,26/02/2019,,https://www.sec.gov/Archives/edgar/data/1145197/000114519719000003/podd-2018x12x31_10xk.htm
2019,INTEL CORP,50863,10-K,01/02/2019,,https://www.sec.gov/Archives/edgar/data/50863/000005086319000007/a12292018q4-10kdocument.htm
2019,INTERNATIONAL BUSINESS MACHINES CORP,51143,10-K,26/02/2019,,https://www.sec.gov/Archives/edgar/data/51143/000104746919000712/a2237254z10-k.htm
2019,INTERNATIONAL FLAVORS & FRAGRANCES INC,51253,10-K,26/02/2019,,https://www.sec.gov/Archives/edgar/data/51253/000005125319000004/iff10k2018.htm
2019,INTERNATIONAL PAPER CO /NEW/,51434,10-K,20/02/2019,,https://www.sec.gov/Archives/edgar/data/51434/000005143419000007/a10-k123118.htm
2019,"INTERPUBLIC GROUP OF COMPANIES, INC.",51644,10-K,25/02/2019,,https://www.sec.gov/Archives/edgar/data/51644/000005164419000009/ipg12311810k.htm
2019,INTUITIVE SURGICAL INC,1035267,10-K,04/02/2019,,https://www.sec.gov/Archives/edgar/data/1035267/000103526719000012/isrg-20181231x10k.htm
2019,IPG PHOTONICS CORP,1111928,10-K,27/02/2019,,https://www.sec.gov/Archives/edgar/data/1111928/000111192819000035/ipgp-20181231.htm
2019,IQVIA HOLDINGS INC.,1478242,10-K,19/02/2019,,https://www.sec.gov/Archives/edgar/data/1478242/000156459019003180/iqv-10k_20181231.htm
2019,IRON MOUNTAIN INC,1020569,10-K,14/02/2019,,https://www.sec.gov/Archives/edgar/data/1020569/000102056919000018/irm201810k.htm
2019,Ingersoll-Rand plc,1466258,10-K,12/02/2019,,https://www.sec.gov/Archives/edgar/data/1466258/000146625819000073/ir-10kx12312018.htm
2019,JOHNSON & JOHNSON,200406,10-K,20/02/2019,,https://www.sec.gov/Archives/edgar/data/200406/000020040619000009/form10-k20181230.htm
2019,JUNIPER NETWORKS INC,1043604,10-K,22/02/2019,,https://www.sec.gov/Archives/edgar/data/1043604/000104360419000012/jnpr-10k20181231.htm
2019,KANSAS CITY SOUTHERN,54480,10-K,25/01/2019,,https://www.sec.gov/Archives/edgar/data/54480/000005448019000012/kcs1231201810k.htm
2019,KELLOGG CO,55067,10-K,25/02/2019,,https://www.sec.gov/Archives/edgar/data/55067/000162828019001864/k-2018q410xk.htm
2019,KIMBERLY CLARK CORP,55785,10-K,07/02/2019,,https://www.sec.gov/Archives/edgar/data/55785/000005578519000013/kmb_2018xformx10k.htm
2019,KIMCO REALTY CORP,879101,10-K,15/02/2019,,https://www.sec.gov/Archives/edgar/data/879101/000143774919002746/kim20181231_10k.htm
2019,"KINDER MORGAN, INC.",1506307,10-K,08/02/2019,,https://www.sec.gov/Archives/edgar/data/1506307/000150630719000033/kmi-2018x10k.htm
2019,KOHLS Corp,885639,10-K,22/03/2019,,https://www.sec.gov/Archives/edgar/data/885639/000156459019009005/kss-10k_20190202.htm
2019,Keurig Dr Pepper Inc.,1418135,10-K,28/02/2019,,https://www.sec.gov/Archives/edgar/data/1418135/000141813519000007/kdp-10kx12312018.htm
2019,Kraft Heinz Co NT,1637459,10-K,28/02/2019,,https://www.sec.gov/Archives/edgar/data/1637459/000163745919000049/form10-k2018.htm
2019,"L Brands, Inc.",701985,10-K,22/03/2019,,https://www.sec.gov/Archives/edgar/data/701985/000070198519000015/lb22201910k.htm
2019,LABORATORY CORP OF AMERICA HOLDINGS,920148,10-K,28/02/2019,,https://www.sec.gov/Archives/edgar/data/920148/000092014819000033/lh10-k2018.htm
2019,LEGGETT & PLATT INC,58492,10-K,27/02/2019,,https://www.sec.gov/Archives/edgar/data/58492/000005849219000004/leg201810k.htm
2019,LENNAR CORP /NEW/,920760,10-K,28/01/2019,,https://www.sec.gov/Archives/edgar/data/920760/000162828019000598/len-20181130x10k.htm
2019,LILLY ELI & CO,59478,10-K,19/02/2019,,https://www.sec.gov/Archives/edgar/data/59478/000005947819000082/lly-20181231x10xk.htm
2019,LINCOLN NATIONAL CORP,59558,10-K,20/02/2019,,https://www.sec.gov/Archives/edgar/data/59558/000005955819000010/lnc-20181231x10k.htm
2019,LINDE PLC,1707925,10-K,18/03/2019,,https://www.sec.gov/Archives/edgar/data/1707925/000162828019003050/plc201810-k.htm
2019,LINDE PLC NT,1707925,10-K,01/03/2019,,https://www.sec.gov/Archives/edgar/data/1707925/000162828019003050/plc201810-k.htm
2019,LKQ CORP,1065696,10-K,01/03/2019,,https://www.sec.gov/Archives/edgar/data/1065696/000106569619000010/lkq-20181231_10k.htm
2019,LOCKHEED MARTIN CORP,936468,10-K,08/02/2019,,https://www.sec.gov/Archives/edgar/data/936468/000093646819000009/lmtq4201810k.htm
2019,LyondellBasell Industries N.V.,1489393,10-K,21/02/2019,,https://www.sec.gov/Archives/edgar/data/1489393/000148939319000011/a2018q410k.htm
2019,MACERICH CO,912242,10-K,25/02/2019,,https://www.sec.gov/Archives/edgar/data/912242/000091224219000004/mac-2018x1231x10k.htm
2019,MARATHON OIL CORP,101778,10-K,21/02/2019,,https://www.sec.gov/Archives/edgar/data/101778/000010177819000022/mro-20181231x10kq42018.htm
2019,MARRIOTT INTERNATIONAL INC /MD/,1048286,10-K,01/03/2019,,https://www.sec.gov/Archives/edgar/data/1048286/000162828019002337/mar-q42018x10k.htm
2019,MARTIN MARIETTA MATERIALS INC,916076,10-K,25/02/2019,,https://www.sec.gov/Archives/edgar/data/916076/000119312519049961/d640896d10k.htm
2019,MASCO CORP /DE/,62996,10-K,07/02/2019,,https://www.sec.gov/Archives/edgar/data/62996/000006299619000011/mas_20181231x10k.htm
2019,MATTEL INC /DE/,63276,10-K,22/02/2019,,https://www.sec.gov/Archives/edgar/data/63276/000162828019001744/mat1231201810-k.htm
2019,MCCORMICK & CO INC,63754,10-K,25/01/2019,,https://www.sec.gov/Archives/edgar/data/63754/000006375419000017/mkc-11302018x10kxq42018.htm
2019,MCDONALDS CORP,63908,10-K,22/02/2019,,https://www.sec.gov/Archives/edgar/data/63908/000006390819000010/mcd-12312018x10k.htm
2019,METTLER TOLEDO INTERNATIONAL INC/,1037646,10-K,08/02/2019,,https://www.sec.gov/Archives/edgar/data/1037646/000103764619000010/mtd_10kx12312018.htm
2019,MGM Resorts International,789570,10-K,27/02/2019,,https://www.sec.gov/Archives/edgar/data/789570/000156459019004807/mgm-10k_20181231.htm
2019,MID AMERICA APARTMENT COMMUNITIES INC.,912595,10-K,21/02/2019,,https://www.sec.gov/Archives/edgar/data/912595/000091259519000015/maa12312018-10k.htm
2019,MOHAWK INDUSTRIES INC,851968,10-K,28/02/2019,,https://www.sec.gov/Archives/edgar/data/851968/000085196819000020/a4q201810kdocument-classic.htm
2019,MOLSON COORS BREWING CO,24545,10-K,12/02/2019,,https://www.sec.gov/Archives/edgar/data/24545/000002454519000007/tap2018123110-k.htm
2019,MOSAIC CO,1285785,10-K,13/03/2019,,https://www.sec.gov/Archives/edgar/data/1285785/000161803419000004/mos-20181231x10k.htm
2019,MOSAIC CO NT,1285785,10-K,28/02/2019,,https://www.sec.gov/Archives/edgar/data/1285785/000161803419000004/mos-20181231x10k.htm
2019,Marathon Petroleum Corp,1510295,10-K,28/02/2019,,https://www.sec.gov/Archives/edgar/data/1510295/000151029519000014/mpc-20181231x10k.htm
2019,"Merck & Co., Inc.",310158,10-K,27/02/2019,,https://www.sec.gov/Archives/edgar/data/310158/000031015819000014/mrk1231201810k.htm
2019,"Mondelez International, Inc.",1103982,10-K,08/02/2019,,https://www.sec.gov/Archives/edgar/data/1103982/000110398219000005/mdlz10k123118document.htm
2019,Monster Beverage Corp,865752,10-K,28/02/2019,,https://www.sec.gov/Archives/edgar/data/865752/000110465919011581/a19-30117_110k.htm
2019,"Motorola Solutions, Inc.",68505,10-K,15/02/2019,,https://www.sec.gov/Archives/edgar/data/68505/000006850519000006/msi201810-k.htm
2019,NATIONAL OILWELL VARCO INC,1021860,10-K,14/02/2019,,https://www.sec.gov/Archives/edgar/data/1021860/000156459019002967/nov-10k_20181231.htm
2019,NAVIENT CORP,1593538,10-K,26/02/2019,,https://www.sec.gov/Archives/edgar/data/1593538/000156459019004187/navi-10k_20181231.htm
2019,NEKTAR THERAPEUTICS,906709,10-K,01/03/2019,,https://www.sec.gov/Archives/edgar/data/906709/000156459019005639/nktr-10k_20181231.htm
2019,NETFLIX INC,1065280,10-K,29/01/2019,,https://www.sec.gov/Archives/edgar/data/1065280/000106528019000079/a10ka.htm
2019,NEWELL BRANDS INC,814453,10-K,04/03/2019,,https://www.sec.gov/Archives/edgar/data/814453/000119312519061714/d660135d10k.htm
2019,NEWELL BRANDS INC NT,814453,10-K,04/03/2019,,https://www.sec.gov/Archives/edgar/data/814453/000119312519061714/d660135d10k.htm
2019,NEWMONT MINING CORP /DE/,1164727,10-K,21/02/2019,,https://www.sec.gov/Archives/edgar/data/1164727/000155837019000806/nem-20181231x10k.htm
2019,NEXTERA ENERGY INC,753308,10-K,15/02/2019,,https://www.sec.gov/Archives/edgar/data/753308/000075330819000039/nee-12312018x10k.htm
2019,NISOURCE INC/DE,1111711,10-K,20/02/2019,,https://www.sec.gov/Archives/edgar/data/1111711/000111171119000008/ni-20181231x10k.htm
2019,NOBLE ENERGY INC,72207,10-K,19/02/2019,,https://www.sec.gov/Archives/edgar/data/72207/000007220719000018/nbl-20181231x10k.htm
2019,NORDSTROM INC,72333,10-K,18/03/2019,,https://www.sec.gov/Archives/edgar/data/72333/000007233319000060/jwn-222019x10k.htm
2019,NORFOLK SOUTHERN CORP,702165,10-K,08/02/2019,,https://www.sec.gov/Archives/edgar/data/702165/000070216519000012/nsc1231201810-k.htm
2019,NORTHROP GRUMMAN CORP /DE/,1133421,10-K,31/01/2019,,https://www.sec.gov/Archives/edgar/data/1133421/000113342119000007/noc-12312018x10k.htm
2019,"NRG ENERGY, INC.",1013871,10-K,28/02/2019,,https://www.sec.gov/Archives/edgar/data/1013871/000101387119000007/nrg201810-k.htm
2019,NUCOR CORP,73309,10-K,28/02/2019,,https://www.sec.gov/Archives/edgar/data/73309/000119312519057744/d691427d10k.htm
2019,NVIDIA CORP,1045810,10-K,21/02/2019,,https://www.sec.gov/Archives/edgar/data/1045810/000104581019000023/nvda-2019x10k.htm
2019,NVR INC,906163,10-K,13/02/2019,,https://www.sec.gov/Archives/edgar/data/906163/000090616319000029/nvr201810-k.htm
2019,Nielsen Holdings plc,1492633,10-K,28/02/2019,,https://www.sec.gov/Archives/edgar/data/1492633/000156459019005165/nlsnnv-10k_20181231.htm
2019,Norwegian Cruise Line Holdings Ltd.,1513761,10-K,27/02/2019,,https://www.sec.gov/Archives/edgar/data/1513761/000114420419010508/tv513897_10k.htm
2019,O REILLY AUTOMOTIVE INC,898173,10-K,27/02/2019,,https://www.sec.gov/Archives/edgar/data/898173/000089817319000060/orly-20181231x10xk.htm
2019,OCCIDENTAL PETROLEUM CORP /DE/,797468,10-K,21/02/2019,,https://www.sec.gov/Archives/edgar/data/797468/000079746819000004/oxy10k12-31x2018.htm
2019,OLD DOMINION FREIGHT LINE INC/VA,878927,10-K,27/02/2019,,https://www.sec.gov/Archives/edgar/data/878927/000156459019004755/odfl-10k_20181231.htm
2019,OMNICOM GROUP INC.,29989,10-K,12/02/2019,,https://www.sec.gov/Archives/edgar/data/29989/000002998919000007/a2018q410-k.htm
2019,ONEOK INC /NEW/,1039684,10-K,26/02/2019,,https://www.sec.gov/Archives/edgar/data/1039684/000103968419000016/oke10-k2018.htm
2019,PACCAR INC,75362,10-K,21/02/2019,,https://www.sec.gov/Archives/edgar/data/75362/000156459019003670/pcar-10k_20181231.htm
2019,PACKAGING CORP OF AMERICA,75677,10-K,28/02/2019,,https://www.sec.gov/Archives/edgar/data/75677/000156459019005284/pkg-10k_20181231.htm
2019,PENN NATIONAL GAMING INC,921738,10-K,28/02/2019,,https://www.sec.gov/Archives/edgar/data/921738/000092173819000011/penn1231201810k.htm
2019,PENTAIR plc,77360,10-K,19/02/2019,,https://www.sec.gov/Archives/edgar/data/77360/000007736019000006/a2018pnr-10k.htm
2019,PEPSICO INC,77476,10-K,15/02/2019,,https://www.sec.gov/Archives/edgar/data/77476/000007747619000017/pepsico201810-k.htm
2019,PERKINELMER INC,31791,10-K,26/02/2019,,https://www.sec.gov/Archives/edgar/data/31791/000003179119000003/pki1230201810k.htm
2019,PERRIGO Co plc,1585364,10-K,27/02/2019,,https://www.sec.gov/Archives/edgar/data/1585364/000158536419000016/cy18q410k.htm
2019,PFIZER INC,78003,10-K,28/02/2019,,https://www.sec.gov/Archives/edgar/data/78003/000007800319000015/pfe-12312018x10kshell.htm
2019,PG&E Corp,1004980,10-K,28/02/2019,,https://www.sec.gov/Archives/edgar/data/1004980/000100498019000004/pge-123118x10k.htm
2019,PINNACLE WEST CAPITAL CORP,764622,10-K,22/02/2019,,https://www.sec.gov/Archives/edgar/data/764622/000076462219000019/pnw2018123110-k.htm
2019,PPG INDUSTRIES INC,79879,10-K,21/02/2019,,https://www.sec.gov/Archives/edgar/data/79879/000007987919000008/ppg201810k.htm
2019,PPL Corp,922224,10-K,14/02/2019,,https://www.sec.gov/Archives/edgar/data/922224/000092222419000015/ppl-1231201810k.htm
2019,PUBLIC SERVICE ENTERPRISE GROUP INC,788784,10-K,28/02/2019,,https://www.sec.gov/Archives/edgar/data/788784/000078878419000005/pseg201810k.htm
2019,PULTEGROUP INC/MI/,822416,10-K,31/01/2019,,https://www.sec.gov/Archives/edgar/data/822416/000082241619000008/a201810-k.htm
2019,PVH CORP. /DE/,78239,10-K,29/03/2019,,https://www.sec.gov/Archives/edgar/data/78239/000007823919000011/pvh10k2018.htm
2019,Philip Morris International Inc.,1413329,10-K,07/02/2019,,https://www.sec.gov/Archives/edgar/data/1413329/000141332919000007/pm123118form10kwrapinclfsm.htm
2019,Phillips 66,1534701,10-K,22/02/2019,,https://www.sec.gov/Archives/edgar/data/1534701/000153470119000063/psx-20181231_10k.htm
2019,"Prologis, Inc.",1045609,10-K,13/02/2019,,https://www.sec.gov/Archives/edgar/data/1045609/000156459019002872/pld-10k_20181231.htm
2019,Public Storage,1393311,10-K,27/02/2019,,https://www.sec.gov/Archives/edgar/data/1393311/000139331119000004/psa-20181231x10k.htm
2019,QUANTA SERVICES INC,1050915,10-K,28/02/2019,,https://www.sec.gov/Archives/edgar/data/1050915/000105091519000014/pwr-123118x10k.htm
2019,QUEST DIAGNOSTICS INC,1022079,10-K,21/02/2019,,https://www.sec.gov/Archives/edgar/data/1022079/000102207919000030/dgx1231201810-k.htm
2019,RANGE RESOURCES CORP,315852,10-K,25/02/2019,,https://www.sec.gov/Archives/edgar/data/315852/000156459019004113/rrc-10k_20181231.htm
2019,RAYTHEON CO/,1047122,10-K,13/02/2019,,https://www.sec.gov/Archives/edgar/data/1047122/000104712219000007/rtn-12312018x10k.htm
2019,REALTY INCOME CORP,726728,10-K,22/02/2019,,https://www.sec.gov/Archives/edgar/data/726728/000072672819000038/realtyincome10k2018.htm
2019,REGENCY CENTERS CORP,910606,10-K,21/02/2019,,https://www.sec.gov/Archives/edgar/data/910606/000091060619000006/reg10-k123118.htm
2019,REGENERON PHARMACEUTICALS INC,872589,10-K,07/02/2019,,https://www.sec.gov/Archives/edgar/data/872589/000153217619000009/regn-123118x10k.htm
2019,"REPUBLIC SERVICES, INC.",1060391,10-K,08/02/2019,,https://www.sec.gov/Archives/edgar/data/1060391/000106039119000008/rsg-2018x1231x10xk.htm
2019,ROLLINS INC,84839,10-K,01/03/2019,,https://www.sec.gov/Archives/edgar/data/84839/000117120019000087/i19083_rol-10k.htm
2019,ROPER TECHNOLOGIES INC,882835,10-K,25/02/2019,,https://www.sec.gov/Archives/edgar/data/882835/000088283519000010/a201810-kdoc.htm
2019,ROYAL CARIBBEAN CRUISES LTD,884887,10-K,22/02/2019,,https://www.sec.gov/Archives/edgar/data/884887/000088488719000017/rcl-20181231x10k.htm
2019,SALESFORCE COM INC,1108524,10-K,08/03/2019,,https://www.sec.gov/Archives/edgar/data/1108524/000110852419000009/crmq4fy1910-k.htm
2019,SBA COMMUNICATIONS CORP,1034054,10-K,28/02/2019,,https://www.sec.gov/Archives/edgar/data/1034054/000103405419000002/sbac-20181231x10k.htm
2019,SCHLUMBERGER LIMITED/NV,87347,10-K,23/01/2019,,https://www.sec.gov/Archives/edgar/data/87347/000156459019000928/slb-10k_20181231.htm
2019,SEALED AIR CORP/DE,1012100,10-K,19/02/2019,,https://www.sec.gov/Archives/edgar/data/1012100/000162828019001538/q4201810-kdocument.htm
2019,SEMPRA ENERGY,1032208,10-K,26/02/2019,,https://www.sec.gov/Archives/edgar/data/1032208/000008652119000014/sre20181231form10k.htm
2019,SHERWIN WILLIAMS CO,89800,10-K,22/02/2019,,https://www.sec.gov/Archives/edgar/data/89800/000008980019000004/shw-12312018x10k.htm
2019,SIMON PROPERTY GROUP INC /DE/,1063761,10-K,22/02/2019,,https://www.sec.gov/Archives/edgar/data/1063761/000155837019000875/spg-20181231x10k.htm
2019,SL GREEN REALTY CORP,1040971,10-K,27/02/2019,,https://www.sec.gov/Archives/edgar/data/1040971/000104097119000007/a18q4slg10kdoc.htm
2019,SMITH A O CORP,91142,10-K,15/02/2019,,https://www.sec.gov/Archives/edgar/data/91142/000119312519042339/d678397d10k.htm
2019,SNAP-ON Inc,91440,10-K,14/02/2019,,https://www.sec.gov/Archives/edgar/data/91440/000009144019000003/sna_fy18x10-kdocument.htm
2019,SOUTHERN CO,92122,10-K,20/02/2019,,https://www.sec.gov/Archives/edgar/data/92122/000009212219000006/so10-k12312018.htm
2019,SOUTHWEST AIRLINES CO,92380,10-K,05/02/2019,,https://www.sec.gov/Archives/edgar/data/92380/000009238019000022/luv-12312018x10k.htm
2019,"STANLEY BLACK & DECKER, INC.",93556,10-K,26/02/2019,,https://www.sec.gov/Archives/edgar/data/93556/000009355619000011/swk_10k2018.htm
2019,STERICYCLE INC,861878,10-K,28/02/2019,,https://www.sec.gov/Archives/edgar/data/861878/000156459019005500/srcl-10k_20181231.htm
2019,STRYKER CORP,310764,10-K,07/02/2019,,https://www.sec.gov/Archives/edgar/data/310764/000031076419000014/syk10k123118.htm
2019,TARGET CORP,27419,10-K,13/03/2019,,https://www.sec.gov/Archives/edgar/data/27419/000002741919000006/tgt-20190202x10k.htm
2019,TELEDYNE TECHNOLOGIES INC,1094285,10-K,25/02/2019,,https://www.sec.gov/Archives/edgar/data/1094285/000109428519000064/tdy-2018x10k.htm
2019,TEXAS INSTRUMENTS INC,97476,10-K,22/02/2019,,https://www.sec.gov/Archives/edgar/data/97476/000156459019003839/txn-10k_20181231.htm
2019,TEXTRON INC,217346,10-K,14/02/2019,,https://www.sec.gov/Archives/edgar/data/217346/000110465919008151/a19-30052_110k.htm
2019,THERMO FISHER SCIENTIFIC INC.,97745,10-K,27/02/2019,,https://www.sec.gov/Archives/edgar/data/97745/000009774519000007/a201810k.htm
2019,TIFFANY & CO,98246,10-K,22/03/2019,,https://www.sec.gov/Archives/edgar/data/98246/000009824619000047/tif-2019131x10k.htm
2019,TRACTOR SUPPLY CO /DE/,916365,10-K,21/02/2019,,https://www.sec.gov/Archives/edgar/data/916365/000091636519000035/a2018q4form10-k.htm
2019,TRIMBLE INC.,864749,10-K,22/02/2019,,https://www.sec.gov/Archives/edgar/data/864749/000086474919000006/trmb201810k.htm
2019,"TWITTER, INC.",1418091,10-K,21/02/2019,,https://www.sec.gov/Archives/edgar/data/1418091/000156459019003523/twtr-10k_20181231.htm
2019,TechnipFMC plc,1681459,10-K,11/03/2019,,https://www.sec.gov/Archives/edgar/data/1681459/000168145919000011/technipfmc20181231-10k.htm
2019,TechnipFMC plc NT,1681459,10-K,01/03/2019,,https://www.sec.gov/Archives/edgar/data/1681459/000168145919000011/technipfmc20181231-10k.htm
2019,"Tesla, Inc.",1318605,10-K,19/02/2019,,https://www.sec.gov/Archives/edgar/data/1318605/000156459019003165/tsla-10k_20181231.htm
2019,"TripAdvisor, Inc.",1526520,10-K,22/02/2019,,https://www.sec.gov/Archives/edgar/data/1526520/000156459019003889/trip-10k_20181231.htm
2019,"UDR, Inc.",74208,10-K,19/02/2019,,https://www.sec.gov/Archives/edgar/data/74208/000007420819000028/c208-20181231x10k.htm
2019,UNION PACIFIC CORP,100885,10-K,08/02/2019,,https://www.sec.gov/Archives/edgar/data/100885/000010088519000060/unp-20181231x10k.htm
2019,UNITED PARCEL SERVICE INC,1090727,10-K,21/02/2019,,https://www.sec.gov/Archives/edgar/data/1090727/000109072719000006/ups-12312018x10k.htm
2019,UNITED RENTALS INC /DE,1067701,10-K,23/01/2019,,https://www.sec.gov/Archives/edgar/data/1067701/000106770119000007/uri-2018123110k.htm
2019,UNITED TECHNOLOGIES CORP /DE/,101829,10-K,07/02/2019,,https://www.sec.gov/Archives/edgar/data/101829/000010182919000007/a2018-12x31form10xk.htm
2019,UNITEDHEALTH GROUP INC,731766,10-K,12/02/2019,,https://www.sec.gov/Archives/edgar/data/731766/000073176619000005/unh2018123110-k.htm
2019,UNIVERSAL HEALTH SERVICES INC,352915,10-K,27/02/2019,,https://www.sec.gov/Archives/edgar/data/352915/000156459019004919/uhs-10k_20181231.htm
2019,"Under Armour, Inc.",1336917,10-K,25/02/2019,,https://www.sec.gov/Archives/edgar/data/1336917/000133691719000011/ua-20181231.htm
2019,"United Continental Holdings, Inc.",100517,10-K,28/02/2019,,https://www.sec.gov/Archives/edgar/data/100517/000010051719000009/ual_201810k.htm
2019,Unum Group,5513,10-K,19/02/2019,,https://www.sec.gov/Archives/edgar/data/5513/000000551319000004/unm12312018-10xk.htm
2019,VALERO ENERGY CORP/TX,1035002,10-K,28/02/2019,,https://www.sec.gov/Archives/edgar/data/1035002/000103500219000008/vloform10-kx12312018.htm
2019,VENTAS INC,740260,10-K,08/02/2019,,https://www.sec.gov/Archives/edgar/data/740260/000074026019000037/a4q18doc10k.htm
2019,VERISIGN INC/CA,1014473,10-K,15/02/2019,,https://www.sec.gov/Archives/edgar/data/1014473/000101447319000005/vrsn-20181231x10k.htm
2019,VERIZON COMMUNICATIONS INC,732712,10-K,15/02/2019,,https://www.sec.gov/Archives/edgar/data/732712/000073271219000012/a2018q410-k.htm
2019,VERTEX PHARMACEUTICALS INC / MA,875320,10-K,13/02/2019,,https://www.sec.gov/Archives/edgar/data/875320/000087532019000006/a201810k-main.htm
2019,VORNADO REALTY TRUST,899689,10-K,11/02/2019,,https://www.sec.gov/Archives/edgar/data/899689/000089968919000010/vno-12312018x10k.htm
2019,"Verisk Analytics, Inc.",1442145,10-K,19/02/2019,,https://www.sec.gov/Archives/edgar/data/1442145/000144214519000012/vrsk10k12312018.htm
2019,Vistra Energy Corp.,1692819,10-K,28/02/2019,,https://www.sec.gov/Archives/edgar/data/1692819/000169281919000005/vistra-20181231x10k.htm
2019,Vulcan Materials CO,1396009,10-K,26/02/2019,,https://www.sec.gov/Archives/edgar/data/1396009/000139600919000021/vmc-20181231x10k.htm
2019,WASTE MANAGEMENT INC,823768,10-K,14/02/2019,,https://www.sec.gov/Archives/edgar/data/823768/000155837019000662/wm-20181231x10k.htm
2019,WATERS CORP /DE/,1000697,10-K,26/02/2019,,https://www.sec.gov/Archives/edgar/data/1000697/000119312519051872/d612944d10k.htm
2019,"WEC ENERGY GROUP, INC.",783325,10-K,26/02/2019,,https://www.sec.gov/Archives/edgar/data/783325/000010781519000128/a2018wec10k.htm
2019,WELLTOWER INC.,766704,10-K,25/02/2019,,https://www.sec.gov/Archives/edgar/data/766704/000076670419000014/a201810-k.htm
2019,WEYERHAEUSER CO,106535,10-K,15/02/2019,,https://www.sec.gov/Archives/edgar/data/106535/000010653519000014/wy-123118x10k.htm
2019,WHIRLPOOL CORP /DE/,106640,10-K,12/02/2019,,https://www.sec.gov/Archives/edgar/data/106640/000010664019000016/whr-1231201810xk.htm
2019,WILLIAMS COMPANIES INC,107263,10-K,21/02/2019,,https://www.sec.gov/Archives/edgar/data/107263/000010726319000007/wmb_20181231x10k.htm
2019,"WYNDHAM HOTELS & RESORTS, INC.",1722684,10-K,14/02/2019,,https://www.sec.gov/Archives/edgar/data/1722684/000172268419000008/wh-20181231x10k.htm
2019,WYNN RESORTS LTD,1174922,10-K,28/02/2019,,https://www.sec.gov/Archives/edgar/data/1174922/000117492219000021/wrl-20181231x10k.htm
2019,Walmart Inc.,104169,10-K,28/03/2019,,https://www.sec.gov/Archives/edgar/data/104169/000010416919000016/wmtform10-kx1312019.htm
2019,XCEL ENERGY INC,72903,10-K,22/02/2019,,https://www.sec.gov/Archives/edgar/data/72903/000007290319000010/xcel1231201810-k.htm
2019,Xylem Inc.,1524472,10-K,22/02/2019,,https://www.sec.gov/Archives/edgar/data/1524472/000152447219000009/xyl1231201810k.htm
2019,YUM BRANDS INC,1041061,10-K,21/02/2019,,https://www.sec.gov/Archives/edgar/data/1041061/000104106119000010/yum10k12312018.htm
2019,"ZIMMER BIOMET HOLDINGS, INC.",1136869,10-K,26/02/2019,,https://www.sec.gov/Archives/edgar/data/1136869/000156459019004283/zbh-10k_20181231.htm
2019,"ZIONS BANCORPORATION, NATIONAL ASSOCIATION /UT/",109380,10-K,26/02/2019,,https://www.sec.gov/Archives/edgar/data/109380/000010938019000040/zion-20181231x10k123118.htm
2019,Zoetis Inc.,1555280,10-K,14/02/2019,,https://www.sec.gov/Archives/edgar/data/1555280/000155528019000041/zoetis-20181231x10kye.htm
2019,ABIOMED INC,815094,10-K,23/05/2019,,https://www.sec.gov/Archives/edgar/data/815094/000156459019020329/abmd-10k_20190331.htm
2019,BROWN FORMAN CORP,14693,10-K,13/06/2019,,https://www.sec.gov/Archives/edgar/data/14693/000001469319000099/bfb-2019430x10kapril.htm
2019,CARMAX INC,1170010,10-K,19/04/2019,,https://www.sec.gov/Archives/edgar/data/1170010/000117001019000040/kmx0228201910-k.htm
2019,"CONSTELLATION BRANDS, INC.",16918,10-K,23/04/2019,,https://www.sec.gov/Archives/edgar/data/16918/000001691819000024/stz228201910k.htm
2019,Capri Holdings Ltd,1530721,10-K,29/05/2019,,https://www.sec.gov/Archives/edgar/data/1530721/000153072119000023/cpri0330201910-k.htm
2019,DXC Technology Co,1688568,10-K,13/06/2019,,https://www.sec.gov/Archives/edgar/data/1688568/000168856819000055/dxcfy1910-k.htm
2019,DXC Technology Co NT,1688568,10-K,30/05/2019,,https://www.sec.gov/Archives/edgar/data/1688568/000168856819000055/dxcfy1910-k.htm
2019,ELECTRONIC ARTS INC.,712515,10-K,24/05/2019,,https://www.sec.gov/Archives/edgar/data/712515/000071251519000019/ea3312019-q410kdoc.htm
2019,"FOOT LOCKER, INC.",850209,10-K,02/04/2019,,https://www.sec.gov/Archives/edgar/data/850209/000155837019002753/fl-20190202x10k.htm
2019,GENERAL MILLS INC,40704,10-K,28/06/2019,,https://www.sec.gov/Archives/edgar/data/40704/000119312519184675/d725716d10k.htm
2019,H&R BLOCK INC,12659,10-K,14/06/2019,,https://www.sec.gov/Archives/edgar/data/12659/000157484219000022/hrb2019043010k.htm
2019,J M SMUCKER Co,91419,10-K,17/06/2019,,https://www.sec.gov/Archives/edgar/data/91419/000009141919000005/sjm43019-10k.htm
2019,KROGER CO,56873,10-K,02/04/2019,,https://www.sec.gov/Archives/edgar/data/56873/000155837019002756/kr-20190202x10k.htm
2019,Kraft Heinz Co,1637459,10-K,07/06/2019,,https://www.sec.gov/Archives/edgar/data/1637459/000163745919000049/form10-k2018.htm
2019,LOWES COMPANIES INC,60667,10-K,02/04/2019,,https://www.sec.gov/Archives/edgar/data/60667/000006066719000042/form10k_02012019.htm
2019,MCKESSON CORP,927653,10-K,15/05/2019,,https://www.sec.gov/Archives/edgar/data/927653/000092765319000009/mck_10kx3312019.htm
2019,MICROCHIP TECHNOLOGY INC,827054,10-K,30/05/2019,,https://www.sec.gov/Archives/edgar/data/827054/000082705419000143/a2019-03x3110k.htm
2019,"Macy's, Inc.",794367,10-K,03/04/2019,,https://www.sec.gov/Archives/edgar/data/794367/000079436719000038/m-0202201910xk.htm
2019,Medtronic plc,1613103,10-K,21/06/2019,,https://www.sec.gov/Archives/edgar/data/1613103/000161310319000028/mdt-2019426x10k.htm
2019,"NetApp, Inc.",1002047,10-K,18/06/2019,,https://www.sec.gov/Archives/edgar/data/1002047/000156459019022779/ntap-10k_20190426.htm
2019,ORACLE CORP,1341439,10-K,21/06/2019,,https://www.sec.gov/Archives/edgar/data/1341439/000156459019023119/orcl-10k_20190531.htm
2019,"PATTERSON COMPANIES, INC.",891024,10-K,26/06/2019,,https://www.sec.gov/Archives/edgar/data/891024/000089102419000007/pdco0427201910-k.htm
2019,"Qorvo, Inc.",1604778,10-K,17/05/2019,,https://www.sec.gov/Archives/edgar/data/1604778/000160477819000031/qorvo2019033010-k.htm
2019,RALPH LAUREN CORP,1037038,10-K,16/05/2019,,https://www.sec.gov/Archives/edgar/data/1037038/000103703819000005/rl-20190330x10k.htm
2019,ROSS STORES INC,745732,10-K,02/04/2019,,https://www.sec.gov/Archives/edgar/data/745732/000074573219000009/rost-20190202x10k.htm
2019,SIGNET JEWELERS LTD,832988,10-K,03/04/2019,,https://www.sec.gov/Archives/edgar/data/832988/000083298819000003/fy19q410k.htm
2019,SYMANTEC CORP,849399,10-K,24/05/2019,,https://www.sec.gov/Archives/edgar/data/849399/000084939919000005/symc32919-10k.htm
2019,TAKE TWO INTERACTIVE SOFTWARE INC,946581,10-K,14/05/2019,,https://www.sec.gov/Archives/edgar/data/946581/000162828019006691/ttwo10k03312019.htm
2019,TJX COMPANIES INC /DE/,109198,10-K,03/04/2019,,https://www.sec.gov/Archives/edgar/data/109198/000162828019003834/tjx-10kx20190202.htm
2019,"Ulta Beauty, Inc.",1403568,10-K,02/04/2019,,https://www.sec.gov/Archives/edgar/data/1403568/000155837019002739/ulta-20190202x10k.htm
2019,V F CORP,103379,10-K,24/05/2019,,https://www.sec.gov/Archives/edgar/data/103379/000010337919000006/vfc330201910-k.htm
2019,WILLIAMS SONOMA INC,719955,10-K,04/04/2019,,https://www.sec.gov/Archives/edgar/data/719955/000119312519097973/d683578d10k.htm
2019,XILINX INC,743988,10-K,10/05/2019,,https://www.sec.gov/Archives/edgar/data/743988/000074398819000012/xlnx330201910k.htm
2019,AUTOMATIC DATA PROCESSING INC,8670,10-K,09/08/2019,,https://www.sec.gov/Archives/edgar/data/8670/000000867019000021/q4fy1910k.htm
2019,"BROADRIDGE FINANCIAL SOLUTIONS, INC.",1383312,10-K,06/08/2019,,https://www.sec.gov/Archives/edgar/data/1383312/000138331219000042/br-20190630xform10xk.htm
2019,CAMPBELL SOUP CO,16732,10-K,26/09/2019,,https://www.sec.gov/Archives/edgar/data/16732/000001673219000070/cpb-7282019x10xk.htm
2019,CARDINAL HEALTH INC,721371,10-K,20/08/2019,,https://www.sec.gov/Archives/edgar/data/721371/000072137119000090/a19q4_10kx063019xform10-k.htm
2019,CINTAS CORP,723254,10-K,26/07/2019,,https://www.sec.gov/Archives/edgar/data/723254/000072325419000021/ctas531201910k.htm
2019,"CISCO SYSTEMS, INC.",858877,10-K,05/09/2019,,https://www.sec.gov/Archives/edgar/data/858877/000085887719000012/csco-2019727x10k.htm
2019,CLOROX CO /DE/,21076,10-K,14/08/2019,,https://www.sec.gov/Archives/edgar/data/21076/000002107619000012/fy19clx10k.htm
2019,CONAGRA BRANDS INC.,23217,10-K,19/07/2019,,https://www.sec.gov/Archives/edgar/data/23217/000002321719000006/cag-2019x10k.htm
2019,COPART INC,900075,10-K,30/09/2019,,https://www.sec.gov/Archives/edgar/data/900075/000090007519000022/cprt07312019-10k.htm
2019,COTY INC.,1024305,10-K,28/08/2019,,https://www.sec.gov/Archives/edgar/data/1024305/000102430519000097/coty-063019x10k.htm
2019,DARDEN RESTAURANTS INC,940944,10-K,19/07/2019,,https://www.sec.gov/Archives/edgar/data/940944/000094094419000025/dri-201910xk.htm
2019,ESTEE LAUDER COMPANIES INC,1001250,10-K,23/08/2019,,https://www.sec.gov/Archives/edgar/data/1001250/000110465919047085/a19-11548_110k.htm
2019,FEDEX CORP,1048911,10-K,16/07/2019,,https://www.sec.gov/Archives/edgar/data/1048911/000156459019025065/fdx-10k_20190531.htm
2019,Fox Corp,1754301,10-K,09/08/2019,,https://www.sec.gov/Archives/edgar/data/1754301/000156459019031285/fox-10k_20190630.htm
2019,INTUIT INC,896878,10-K,30/08/2019,,https://www.sec.gov/Archives/edgar/data/896878/000089687819000132/fy19q410-kdocument.htm
2019,KLA CORP,319201,10-K,16/08/2019,,https://www.sec.gov/Archives/edgar/data/319201/000031920119000031/klac10k2019.htm
2019,"L3HARRIS TECHNOLOGIES, INC. /DE/",202058,10-K,22/08/2019,,https://www.sec.gov/Archives/edgar/data/202058/000020205819000090/hrs628201910-k.htm
2019,LAM RESEARCH CORP,707549,10-K,20/08/2019,,https://www.sec.gov/Archives/edgar/data/707549/000070754919000124/lrcx10k2019document.htm
2019,"Lamb Weston Holdings, Inc.",1679273,10-K,25/07/2019,,https://www.sec.gov/Archives/edgar/data/1679273/000155837019006311/lw-20190526x10k.htm
2019,MAXIM INTEGRATED PRODUCTS INC,743316,10-K,21/08/2019,,https://www.sec.gov/Archives/edgar/data/743316/000074331619000024/maxim10-kfy2019.htm
2019,MICROSOFT CORP,789019,10-K,01/08/2019,,https://www.sec.gov/Archives/edgar/data/789019/000156459019027952/msft-10k_20190630.htm
2019,NEWS CORP,1564708,10-K,13/08/2019,,https://www.sec.gov/Archives/edgar/data/1564708/000119312519219463/d741099d10k.htm
2019,NIKE INC,320187,10-K,23/07/2019,,https://www.sec.gov/Archives/edgar/data/320187/000032018719000051/nke-531201910k.htm
2019,PARKER HANNIFIN CORP,76334,10-K,23/08/2019,,https://www.sec.gov/Archives/edgar/data/76334/000007633419000096/ph630201910-k.htm
2019,PAYCHEX INC,723531,10-K,24/07/2019,,https://www.sec.gov/Archives/edgar/data/723531/000072353119000032/payx-20190531x10k.htm
2019,PROCTER & GAMBLE Co,80424,10-K,06/08/2019,,https://www.sec.gov/Archives/edgar/data/80424/000008042419000050/fy181910-kreport.htm
2019,RESMED INC,943819,10-K,08/08/2019,,https://www.sec.gov/Archives/edgar/data/943819/000094381919000017/rmd-20190630x10k.htm
2019,SYSCO CORP,96021,10-K,26/08/2019,,https://www.sec.gov/Archives/edgar/data/96021/000009602119000093/syy2019q410-k.htm
2019,Seagate Technology plc,1137789,10-K,02/08/2019,,https://www.sec.gov/Archives/edgar/data/1137789/000119312519212028/d733907d10k.htm
2019,"TAPESTRY, INC.",1116132,10-K,15/08/2019,,https://www.sec.gov/Archives/edgar/data/1116132/000111613219000016/tpr6302018-10k1.htm
2019,WESTERN DIGITAL CORP,106040,10-K,27/08/2019,,https://www.sec.gov/Archives/edgar/data/106040/000010604019000058/wdc-2019q410xkdoc.htm
2019,ACUITY BRANDS INC,1144215,10-K,29/10/2019,,https://www.sec.gov/Archives/edgar/data/1144215/000114421519000114/ayi-20190831x10k.htm
2019,"AGILENT TECHNOLOGIES, INC.",1090872,10-K,19/12/2019,,https://www.sec.gov/Archives/edgar/data/1090872/000109087219000022/a-10312019x10k.htm
2019,AIR PRODUCTS & CHEMICALS INC /DE/,2969,10-K,26/11/2019,,https://www.sec.gov/Archives/edgar/data/2969/000000296919000051/apd-10xkx30sep19.htm
2019,AMERISOURCEBERGEN CORP,1140859,10-K,19/11/2019,,https://www.sec.gov/Archives/edgar/data/1140859/000114085919000040/a10-kx9302019.htm
2019,ANALOG DEVICES INC,6281,10-K,26/11/2019,,https://www.sec.gov/Archives/edgar/data/6281/000000628119000144/adi-20191102.htm
2019,APPLIED MATERIALS INC /DE,6951,10-K,13/12/2019,,https://www.sec.gov/Archives/edgar/data/6951/000000695119000046/amat-20191027.htm
2019,AUTOZONE INC,866787,10-K,28/10/2019,,https://www.sec.gov/Archives/edgar/data/866787/000119312519276201/d771460d10k.htm
2019,Accenture plc,1467373,10-K,29/10/2019,,https://www.sec.gov/Archives/edgar/data/1467373/000146737319000339/acn831201910k.htm
2019,Apple Inc.,320193,10-K,31/10/2019,,https://www.sec.gov/Archives/edgar/data/320193/000032019319000119/a10-k20199282019.htm
2019,BECTON DICKINSON & CO,10795,10-K,27/11/2019,,https://www.sec.gov/Archives/edgar/data/10795/000001079519000044/bdx2019-09x3010xk.htm
2019,Broadcom Inc.,1730168,10-K,20/12/2019,,https://www.sec.gov/Archives/edgar/data/1730168/000173016819000144/avgo-11032019x10k.htm
2019,"COOPER COMPANIES, INC.",711404,10-K,20/12/2019,,https://www.sec.gov/Archives/edgar/data/711404/000071140419000051/coo20191031-10k.htm
2019,COSTCO WHOLESALE CORP /NEW,909832,10-K,11/10/2019,,https://www.sec.gov/Archives/edgar/data/909832/000090983219000019/cost10k9119.htm
2019,DEERE & CO,315189,10-K,19/12/2019,,https://www.sec.gov/Archives/edgar/data/315189/000155837019011614/de-20191103x10k.htm
2019,EMERSON ELECTRIC CO,32604,10-K,18/11/2019,,https://www.sec.gov/Archives/edgar/data/32604/000003260419000048/emr-09302019x10xk.htm
2019,"F5 NETWORKS, INC.",1048695,10-K,15/11/2019,,https://www.sec.gov/Archives/edgar/data/1048695/000104869519000034/ffiv10k9-30x2019.htm
2019,HOLOGIC INC,859737,10-K,27/11/2019,,https://www.sec.gov/Archives/edgar/data/859737/000085973719000026/holxq4-2019.htm
2019,HORMEL FOODS CORP /DE/,48465,10-K,06/12/2019,,https://www.sec.gov/Archives/edgar/data/48465/000004846519000057/hormel201910k.htm
2019,HORTON D R INC /DE/,882184,10-K,25/11/2019,,https://www.sec.gov/Archives/edgar/data/882184/000088218419000147/a2019930-10k.htm
2019,HP INC,47217,10-K,12/12/2019,,https://www.sec.gov/Archives/edgar/data/47217/000004721719000071/hp-103119x10k.htm
2019,"Helmerich & Payne, Inc.",46765,10-K,15/11/2019,,https://www.sec.gov/Archives/edgar/data/46765/000004676519000019/hp-20190930x10k.htm
2019,Hewlett Packard Enterprise Co,1645590,10-K,13/12/2019,,https://www.sec.gov/Archives/edgar/data/1645590/000164559019000044/hpe-10312019x10k.htm
2019,JACOBS ENGINEERING GROUP INC /DE/,52988,10-K,25/11/2019,,https://www.sec.gov/Archives/edgar/data/52988/000005298819000069/jecfy201910-k1.htm
2019,Johnson Controls International plc,833444,10-K,21/11/2019,,https://www.sec.gov/Archives/edgar/data/833444/000083344419000051/jciplc201910-k.htm
2019,"Keysight Technologies, Inc.",1601046,10-K,18/12/2019,,https://www.sec.gov/Archives/edgar/data/1601046/000160104619000110/keys-10312019x10k.htm
2019,MICRON TECHNOLOGY INC,723125,10-K,17/10/2019,,https://www.sec.gov/Archives/edgar/data/723125/000072312519000094/a2019q4.htm
2019,PTC INC.,857005,10-K,18/11/2019,,https://www.sec.gov/Archives/edgar/data/857005/000085700519000040/ptc9-30x1910xk.htm
2019,QUALCOMM INC/DE,804328,10-K,06/11/2019,,https://www.sec.gov/Archives/edgar/data/804328/000172894919000072/qcom10-k2019.htm
2019,"ROCKWELL AUTOMATION, INC",1024478,10-K,12/11/2019,,https://www.sec.gov/Archives/edgar/data/1024478/000102447819000044/fy2019form10k.htm
2019,"SKYWORKS SOLUTIONS, INC.",4127,10-K,14/11/2019,,https://www.sec.gov/Archives/edgar/data/4127/000000412719000049/fy1910k92719.htm
2019,STARBUCKS CORP,829224,10-K,15/11/2019,,https://www.sec.gov/Archives/edgar/data/829224/000082922419000051/sbux-9292019x10xk.htm
2019,SYNOPSYS INC,883241,10-K,20/12/2019,,https://www.sec.gov/Archives/edgar/data/883241/000088324119000019/snps10311910-k.htm
2019,TE Connectivity Ltd.,1385157,10-K,12/11/2019,,https://www.sec.gov/Archives/edgar/data/1385157/000155837019010758/tel-20190927x10kd12dc3.htm
2019,"TYSON FOODS, INC.",100493,10-K,12/11/2019,,https://www.sec.gov/Archives/edgar/data/100493/000010049319000118/tsn201910kq4.htm
2019,TransDigm Group INC,1260221,10-K,19/11/2019,,https://www.sec.gov/Archives/edgar/data/1260221/000126022119000043/tdg2019-09x3010xk.htm
2019,VARIAN MEDICAL SYSTEMS INC,203527,10-K,25/11/2019,,https://www.sec.gov/Archives/edgar/data/203527/000020352719000025/varian10-k2019q4.htm
2019,Viacom Inc.,1339947,10-K,14/11/2019,,https://www.sec.gov/Archives/edgar/data/1339947/000133994719000043/via2019093010k.htm
2019,"Walgreens Boots Alliance, Inc.",1618921,10-K,28/10/2019,,https://www.sec.gov/Archives/edgar/data/1618921/000161892119000069/wba-2019831x10k.htm
2019,Walt Disney Co,1744489,10-K,20/11/2019,,https://www.sec.gov/Archives/edgar/data/1744489/000174448919000225/fy2019q410k.htm
